{
    "warm_start_1": {
        "seq_len": 192,
        "norm_mode": "subtract_median",
        "lr": 5.6224432645310734e-05,
        "d_model": 256,
        "d_ff": 256,
        "e_layers": 3,
        "moving_avg": 24,
        "n_heads": 4,
        "dropout": 0.0077844592577081435,
        "fc_dropout": 0.08391012980493945,
        "batch_size": 256,
        "use_agc": true,
        "agc_lambda": 0.02939946112754659,
        "num_linear_experts": 2,
        "num_univariate_esn_experts": 2,
        "num_multivariate_esn_experts": 1,
        "hidden_size": 256,
        "reservoir_size_uni": 128,
        "spectral_radius_uni": 0.9630485017972372,
        "sparsity_uni": 0.06675423271586153,
        "leak_rate_uni": 0.3608106487624763,
        "input_scaling_uni": 0.36981235315158084,
        "esn_uni_weight_decay": 0.016782046956204156,
        "reservoir_size_multi": 128,
        "spectral_radius_multi": 0.8288379320293138,
        "sparsity_multi": 0.38571751745802835,
        "leak_rate_multi": 0.7670985350817812,
        "input_scaling_multi": 0.10099363077533251,
        "esn_multi_weight_decay": 6.476470480494117e-05,
        "projection_head_layers": 2,
        "projection_head_dim_factor": 2,
        "projection_head_dropout": 0.02522936465053717,
        "loss_target_clip": null,
        "use_channel_adjacency_prior": false
    }
}